"id","arrival","burst","wait","burst","turn"
"38","38.0","1.0","0.0","1.0","1.0"
"59","59.0","1.0","1.0","1.0","2.0"
"76","76.0","1.0","2.0","1.0","3.0"
"78","78.0","1.0","3.0","1.0","4.0"
"82","82.0","1.0","4.0","1.0","5.0"
"84","84.0","1.0","5.0","1.0","6.0"
"88","88.0","1.0","6.0","1.0","7.0"
"118","118.0","1.0","7.0","1.0","8.0"
"136","136.0","1.0","8.0","1.0","9.0"
"143","143.0","1.0","9.0","1.0","10.0"
"148","148.0","1.0","10.0","1.0","11.0"
"176","176.0","1.0","11.0","1.0","12.0"
"179","179.0","1.0","12.0","1.0","13.0"
"186","186.0","1.0","13.0","1.0","14.0"
"188","188.0","1.0","14.0","1.0","15.0"
"205","205.0","1.0","15.0","1.0","16.0"
"217","217.0","1.0","16.0","1.0","17.0"
"242","242.0","1.0","17.0","1.0","18.0"
"253","253.0","1.0","18.0","1.0","19.0"
"311","311.0","1.0","19.0","1.0","20.0"
"323","323.0","1.0","20.0","1.0","21.0"
"324","324.0","1.0","21.0","1.0","22.0"
"337","337.0","1.0","22.0","1.0","23.0"
"362","362.0","1.0","23.0","1.0","24.0"
"366","366.0","1.0","24.0","1.0","25.0"
"372","372.0","1.0","25.0","1.0","26.0"
"379","379.0","1.0","26.0","1.0","27.0"
"413","413.0","1.0","27.0","1.0","28.0"
"415","415.0","1.0","28.0","1.0","29.0"
"487","487.0","1.0","29.0","1.0","30.0"
"525","525.0","1.0","30.0","1.0","31.0"
"542","542.0","1.0","31.0","1.0","32.0"
"580","580.0","1.0","32.0","1.0","33.0"
"635","635.0","1.0","33.0","1.0","34.0"
"639","639.0","1.0","34.0","1.0","35.0"
"640","640.0","1.0","35.0","1.0","36.0"
"659","659.0","1.0","36.0","1.0","37.0"
"675","675.0","1.0","37.0","1.0","38.0"
"677","677.0","1.0","38.0","1.0","39.0"
"692","692.0","1.0","39.0","1.0","40.0"
"694","694.0","1.0","40.0","1.0","41.0"
"696","696.0","1.0","41.0","1.0","42.0"
"716","716.0","1.0","42.0","1.0","43.0"
"720","720.0","1.0","43.0","1.0","44.0"
"740","740.0","1.0","44.0","1.0","45.0"
"741","741.0","1.0","45.0","1.0","46.0"
"744","744.0","1.0","46.0","1.0","47.0"
"766","766.0","1.0","47.0","1.0","48.0"
"772","772.0","1.0","48.0","1.0","49.0"
"801","801.0","1.0","49.0","1.0","50.0"
"812","812.0","1.0","50.0","1.0","51.0"
"829","829.0","1.0","51.0","1.0","52.0"
"872","872.0","1.0","52.0","1.0","53.0"
"881","881.0","1.0","53.0","1.0","54.0"
"910","910.0","1.0","54.0","1.0","55.0"
"931","931.0","1.0","55.0","1.0","56.0"
"944","944.0","1.0","56.0","1.0","57.0"
"972","972.0","1.0","57.0","1.0","58.0"
"984","984.0","1.0","58.0","1.0","59.0"
"11","11.0","2.0","59.0","2.0","61.0"
"22","22.0","2.0","61.0","2.0","63.0"
"34","34.0","2.0","63.0","2.0","65.0"
"35","35.0","2.0","65.0","2.0","67.0"
"46","46.0","2.0","67.0","2.0","69.0"
"47","47.0","2.0","69.0","2.0","71.0"
"49","49.0","2.0","71.0","2.0","73.0"
"53","53.0","2.0","73.0","2.0","75.0"
"58","58.0","2.0","75.0","2.0","77.0"
"70","70.0","2.0","77.0","2.0","79.0"
"91","91.0","2.0","79.0","2.0","81.0"
"106","106.0","2.0","81.0","2.0","83.0"
"115","115.0","2.0","83.0","2.0","85.0"
"117","117.0","2.0","85.0","2.0","87.0"
"121","121.0","2.0","87.0","2.0","89.0"
"122","122.0","2.0","89.0","2.0","91.0"
"133","133.0","2.0","91.0","2.0","93.0"
"138","138.0","2.0","93.0","2.0","95.0"
"147","147.0","2.0","95.0","2.0","97.0"
"150","150.0","2.0","97.0","2.0","99.0"
"154","154.0","2.0","99.0","2.0","101.0"
"183","183.0","2.0","101.0","2.0","103.0"
"184","184.0","2.0","103.0","2.0","105.0"
"189","189.0","2.0","105.0","2.0","107.0"
"198","198.0","2.0","107.0","2.0","109.0"
"227","227.0","2.0","109.0","2.0","111.0"
"231","231.0","2.0","111.0","2.0","113.0"
"245","245.0","2.0","113.0","2.0","115.0"
"246","246.0","2.0","115.0","2.0","117.0"
"247","247.0","2.0","117.0","2.0","119.0"
"256","256.0","2.0","119.0","2.0","121.0"
"259","259.0","2.0","121.0","2.0","123.0"
"279","279.0","2.0","123.0","2.0","125.0"
"281","281.0","2.0","125.0","2.0","127.0"
"282","282.0","2.0","127.0","2.0","129.0"
"292","292.0","2.0","129.0","2.0","131.0"
"295","295.0","2.0","131.0","2.0","133.0"
"308","308.0","2.0","133.0","2.0","135.0"
"338","338.0","2.0","135.0","2.0","137.0"
"339","339.0","2.0","137.0","2.0","139.0"
"342","342.0","2.0","139.0","2.0","141.0"
"354","354.0","2.0","141.0","2.0","143.0"
"375","375.0","2.0","143.0","2.0","145.0"
"376","376.0","2.0","145.0","2.0","147.0"
"409","409.0","2.0","147.0","2.0","149.0"
"412","412.0","2.0","149.0","2.0","151.0"
"416","416.0","2.0","151.0","2.0","153.0"
"429","429.0","2.0","153.0","2.0","155.0"
"437","437.0","2.0","155.0","2.0","157.0"
"442","442.0","2.0","157.0","2.0","159.0"
"450","450.0","2.0","159.0","2.0","161.0"
"451","451.0","2.0","161.0","2.0","163.0"
"453","453.0","2.0","163.0","2.0","165.0"
"462","462.0","2.0","165.0","2.0","167.0"
"469","469.0","2.0","167.0","2.0","169.0"
"474","474.0","2.0","169.0","2.0","171.0"
"475","475.0","2.0","171.0","2.0","173.0"
"484","484.0","2.0","173.0","2.0","175.0"
"490","490.0","2.0","175.0","2.0","177.0"
"492","492.0","2.0","177.0","2.0","179.0"
"498","498.0","2.0","179.0","2.0","181.0"
"504","504.0","2.0","181.0","2.0","183.0"
"511","511.0","2.0","183.0","2.0","185.0"
"519","519.0","2.0","185.0","2.0","187.0"
"524","524.0","2.0","187.0","2.0","189.0"
"537","537.0","2.0","189.0","2.0","191.0"
"575","575.0","2.0","191.0","2.0","193.0"
"583","583.0","2.0","193.0","2.0","195.0"
"590","590.0","2.0","195.0","2.0","197.0"
"593","593.0","2.0","197.0","2.0","199.0"
"597","597.0","2.0","199.0","2.0","201.0"
"652","652.0","2.0","201.0","2.0","203.0"
"665","665.0","2.0","203.0","2.0","205.0"
"668","668.0","2.0","205.0","2.0","207.0"
"693","693.0","2.0","207.0","2.0","209.0"
"697","697.0","2.0","209.0","2.0","211.0"
"699","699.0","2.0","211.0","2.0","213.0"
"703","703.0","2.0","213.0","2.0","215.0"
"706","706.0","2.0","215.0","2.0","217.0"
"729","729.0","2.0","217.0","2.0","219.0"
"738","738.0","2.0","219.0","2.0","221.0"
"745","745.0","2.0","221.0","2.0","223.0"
"748","748.0","2.0","223.0","2.0","225.0"
"757","757.0","2.0","225.0","2.0","227.0"
"768","768.0","2.0","227.0","2.0","229.0"
"784","784.0","2.0","229.0","2.0","231.0"
"791","791.0","2.0","231.0","2.0","233.0"
"809","809.0","2.0","233.0","2.0","235.0"
"817","817.0","2.0","235.0","2.0","237.0"
"847","847.0","2.0","237.0","2.0","239.0"
"859","859.0","2.0","239.0","2.0","241.0"
"863","863.0","2.0","241.0","2.0","243.0"
"884","884.0","2.0","243.0","2.0","245.0"
"885","885.0","2.0","245.0","2.0","247.0"
"886","886.0","2.0","247.0","2.0","249.0"
"890","890.0","2.0","249.0","2.0","251.0"
"891","891.0","2.0","251.0","2.0","253.0"
"892","892.0","2.0","253.0","2.0","255.0"
"900","900.0","2.0","255.0","2.0","257.0"
"901","901.0","2.0","257.0","2.0","259.0"
"903","903.0","2.0","259.0","2.0","261.0"
"905","905.0","2.0","261.0","2.0","263.0"
"909","909.0","2.0","263.0","2.0","265.0"
"914","914.0","2.0","265.0","2.0","267.0"
"921","921.0","2.0","267.0","2.0","269.0"
"965","965.0","2.0","269.0","2.0","271.0"
"978","978.0","2.0","271.0","2.0","273.0"
"992","992.0","2.0","273.0","2.0","275.0"
"2","2.0","3.0","275.0","3.0","278.0"
"4","4.0","3.0","278.0","3.0","281.0"
"14","14.0","3.0","281.0","3.0","284.0"
"37","37.0","3.0","284.0","3.0","287.0"
"40","40.0","3.0","287.0","3.0","290.0"
"62","62.0","3.0","290.0","3.0","293.0"
"63","63.0","3.0","293.0","3.0","296.0"
"108","108.0","3.0","296.0","3.0","299.0"
"114","114.0","3.0","299.0","3.0","302.0"
"119","119.0","3.0","302.0","3.0","305.0"
"123","123.0","3.0","305.0","3.0","308.0"
"127","127.0","3.0","308.0","3.0","311.0"
"129","129.0","3.0","311.0","3.0","314.0"
"137","137.0","3.0","314.0","3.0","317.0"
"140","140.0","3.0","317.0","3.0","320.0"
"155","155.0","3.0","320.0","3.0","323.0"
"159","159.0","3.0","323.0","3.0","326.0"
"163","163.0","3.0","326.0","3.0","329.0"
"164","164.0","3.0","329.0","3.0","332.0"
"185","185.0","3.0","332.0","3.0","335.0"
"194","194.0","3.0","335.0","3.0","338.0"
"199","199.0","3.0","338.0","3.0","341.0"
"202","202.0","3.0","341.0","3.0","344.0"
"203","203.0","3.0","344.0","3.0","347.0"
"209","209.0","3.0","347.0","3.0","350.0"
"233","233.0","3.0","350.0","3.0","353.0"
"240","240.0","3.0","353.0","3.0","356.0"
"248","248.0","3.0","356.0","3.0","359.0"
"258","258.0","3.0","359.0","3.0","362.0"
"261","261.0","3.0","362.0","3.0","365.0"
"265","265.0","3.0","365.0","3.0","368.0"
"275","275.0","3.0","368.0","3.0","371.0"
"280","280.0","3.0","371.0","3.0","374.0"
"300","300.0","3.0","374.0","3.0","377.0"
"301","301.0","3.0","377.0","3.0","380.0"
"314","314.0","3.0","380.0","3.0","383.0"
"322","322.0","3.0","383.0","3.0","386.0"
"335","335.0","3.0","386.0","3.0","389.0"
"346","346.0","3.0","389.0","3.0","392.0"
"356","356.0","3.0","392.0","3.0","395.0"
"380","380.0","3.0","395.0","3.0","398.0"
"381","381.0","3.0","398.0","3.0","401.0"
"405","405.0","3.0","401.0","3.0","404.0"
"440","440.0","3.0","404.0","3.0","407.0"
"456","456.0","3.0","407.0","3.0","410.0"
"464","464.0","3.0","410.0","3.0","413.0"
"476","476.0","3.0","413.0","3.0","416.0"
"482","482.0","3.0","416.0","3.0","419.0"
"488","488.0","3.0","419.0","3.0","422.0"
"497","497.0","3.0","422.0","3.0","425.0"
"507","507.0","3.0","425.0","3.0","428.0"
"510","510.0","3.0","428.0","3.0","431.0"
"516","516.0","3.0","431.0","3.0","434.0"
"522","522.0","3.0","434.0","3.0","437.0"
"529","529.0","3.0","437.0","3.0","440.0"
"530","530.0","3.0","440.0","3.0","443.0"
"531","531.0","3.0","443.0","3.0","446.0"
"535","535.0","3.0","446.0","3.0","449.0"
"547","547.0","3.0","449.0","3.0","452.0"
"550","550.0","3.0","452.0","3.0","455.0"
"554","554.0","3.0","455.0","3.0","458.0"
"557","557.0","3.0","458.0","3.0","461.0"
"561","561.0","3.0","461.0","3.0","464.0"
"589","589.0","3.0","464.0","3.0","467.0"
"596","596.0","3.0","467.0","3.0","470.0"
"598","598.0","3.0","470.0","3.0","473.0"
"609","609.0","3.0","473.0","3.0","476.0"
"631","631.0","3.0","476.0","3.0","479.0"
"643","643.0","3.0","479.0","3.0","482.0"
"661","661.0","3.0","482.0","3.0","485.0"
"685","685.0","3.0","485.0","3.0","488.0"
"689","689.0","3.0","488.0","3.0","491.0"
"714","714.0","3.0","491.0","3.0","494.0"
"725","725.0","3.0","494.0","3.0","497.0"
"727","727.0","3.0","497.0","3.0","500.0"
"728","728.0","3.0","500.0","3.0","503.0"
"759","759.0","3.0","503.0","3.0","506.0"
"761","761.0","3.0","506.0","3.0","509.0"
"762","762.0","3.0","509.0","3.0","512.0"
"778","778.0","3.0","512.0","3.0","515.0"
"796","796.0","3.0","515.0","3.0","518.0"
"798","798.0","3.0","518.0","3.0","521.0"
"800","800.0","3.0","521.0","3.0","524.0"
"807","807.0","3.0","524.0","3.0","527.0"
"820","820.0","3.0","527.0","3.0","530.0"
"822","822.0","3.0","530.0","3.0","533.0"
"824","824.0","3.0","533.0","3.0","536.0"
"848","848.0","3.0","536.0","3.0","539.0"
"851","851.0","3.0","539.0","3.0","542.0"
"853","853.0","3.0","542.0","3.0","545.0"
"908","908.0","3.0","545.0","3.0","548.0"
"915","915.0","3.0","548.0","3.0","551.0"
"922","922.0","3.0","551.0","3.0","554.0"
"928","928.0","3.0","554.0","3.0","557.0"
"959","959.0","3.0","557.0","3.0","560.0"
"967","967.0","3.0","560.0","3.0","563.0"
"973","973.0","3.0","563.0","3.0","566.0"
"980","980.0","3.0","566.0","3.0","569.0"
"987","987.0","3.0","569.0","3.0","572.0"
"989","989.0","3.0","572.0","3.0","575.0"
"3","3.0","4.0","575.0","4.0","579.0"
"16","16.0","4.0","579.0","4.0","583.0"
"20","20.0","4.0","583.0","4.0","587.0"
"24","24.0","4.0","587.0","4.0","591.0"
"27","27.0","4.0","591.0","4.0","595.0"
"31","31.0","4.0","595.0","4.0","599.0"
"36","36.0","4.0","599.0","4.0","603.0"
"43","43.0","4.0","603.0","4.0","607.0"
"51","51.0","4.0","607.0","4.0","611.0"
"66","66.0","4.0","611.0","4.0","615.0"
"74","74.0","4.0","615.0","4.0","619.0"
"77","77.0","4.0","619.0","4.0","623.0"
"79","79.0","4.0","623.0","4.0","627.0"
"86","86.0","4.0","627.0","4.0","631.0"
"87","87.0","4.0","631.0","4.0","635.0"
"94","94.0","4.0","635.0","4.0","639.0"
"97","97.0","4.0","639.0","4.0","643.0"
"110","110.0","4.0","643.0","4.0","647.0"
"112","112.0","4.0","647.0","4.0","651.0"
"135","135.0","4.0","651.0","4.0","655.0"
"172","172.0","4.0","655.0","4.0","659.0"
"178","178.0","4.0","659.0","4.0","663.0"
"200","200.0","4.0","663.0","4.0","667.0"
"204","204.0","4.0","667.0","4.0","671.0"
"213","213.0","4.0","671.0","4.0","675.0"
"215","215.0","4.0","675.0","4.0","679.0"
"223","223.0","4.0","679.0","4.0","683.0"
"234","234.0","4.0","683.0","4.0","687.0"
"249","249.0","4.0","687.0","4.0","691.0"
"251","251.0","4.0","691.0","4.0","695.0"
"254","254.0","4.0","695.0","4.0","699.0"
"264","264.0","4.0","699.0","4.0","703.0"
"268","268.0","4.0","703.0","4.0","707.0"
"273","273.0","4.0","707.0","4.0","711.0"
"277","277.0","4.0","711.0","4.0","715.0"
"278","278.0","4.0","715.0","4.0","719.0"
"285","285.0","4.0","719.0","4.0","723.0"
"291","291.0","4.0","723.0","4.0","727.0"
"304","304.0","4.0","727.0","4.0","731.0"
"306","306.0","4.0","731.0","4.0","735.0"
"318","318.0","4.0","735.0","4.0","739.0"
"325","325.0","4.0","739.0","4.0","743.0"
"360","360.0","4.0","743.0","4.0","747.0"
"364","364.0","4.0","747.0","4.0","751.0"
"365","365.0","4.0","751.0","4.0","755.0"
"367","367.0","4.0","755.0","4.0","759.0"
"368","368.0","4.0","759.0","4.0","763.0"
"373","373.0","4.0","763.0","4.0","767.0"
"387","387.0","4.0","767.0","4.0","771.0"
"403","403.0","4.0","771.0","4.0","775.0"
"411","411.0","4.0","775.0","4.0","779.0"
"414","414.0","4.0","779.0","4.0","783.0"
"421","421.0","4.0","783.0","4.0","787.0"
"425","425.0","4.0","787.0","4.0","791.0"
"432","432.0","4.0","791.0","4.0","795.0"
"444","444.0","4.0","795.0","4.0","799.0"
"454","454.0","4.0","799.0","4.0","803.0"
"457","457.0","4.0","803.0","4.0","807.0"
"466","466.0","4.0","807.0","4.0","811.0"
"500","500.0","4.0","811.0","4.0","815.0"
"502","502.0","4.0","815.0","4.0","819.0"
"509","509.0","4.0","819.0","4.0","823.0"
"514","514.0","4.0","823.0","4.0","827.0"
"527","527.0","4.0","827.0","4.0","831.0"
"538","538.0","4.0","831.0","4.0","835.0"
"546","546.0","4.0","835.0","4.0","839.0"
"551","551.0","4.0","839.0","4.0","843.0"
"570","570.0","4.0","843.0","4.0","847.0"
"600","600.0","4.0","847.0","4.0","851.0"
"602","602.0","4.0","851.0","4.0","855.0"
"604","604.0","4.0","855.0","4.0","859.0"
"608","608.0","4.0","859.0","4.0","863.0"
"619","619.0","4.0","863.0","4.0","867.0"
"630","630.0","4.0","867.0","4.0","871.0"
"633","633.0","4.0","871.0","4.0","875.0"
"638","638.0","4.0","875.0","4.0","879.0"
"647","647.0","4.0","879.0","4.0","883.0"
"648","648.0","4.0","883.0","4.0","887.0"
"649","649.0","4.0","887.0","4.0","891.0"
"663","663.0","4.0","891.0","4.0","895.0"
"670","670.0","4.0","895.0","4.0","899.0"
"686","686.0","4.0","899.0","4.0","903.0"
"691","691.0","4.0","903.0","4.0","907.0"
"747","747.0","4.0","907.0","4.0","911.0"
"755","755.0","4.0","911.0","4.0","915.0"
"764","764.0","4.0","915.0","4.0","919.0"
"779","779.0","4.0","919.0","4.0","923.0"
"794","794.0","4.0","923.0","4.0","927.0"
"813","813.0","4.0","927.0","4.0","931.0"
"845","845.0","4.0","931.0","4.0","935.0"
"852","852.0","4.0","935.0","4.0","939.0"
"860","860.0","4.0","939.0","4.0","943.0"
"865","865.0","4.0","943.0","4.0","947.0"
"874","874.0","4.0","947.0","4.0","951.0"
"880","880.0","4.0","951.0","4.0","955.0"
"898","898.0","4.0","955.0","4.0","959.0"
"907","907.0","4.0","959.0","4.0","963.0"
"933","933.0","4.0","963.0","4.0","967.0"
"950","950.0","4.0","967.0","4.0","971.0"
"955","955.0","4.0","971.0","4.0","975.0"
"962","962.0","4.0","975.0","4.0","979.0"
"966","966.0","4.0","979.0","4.0","983.0"
"990","990.0","4.0","983.0","4.0","987.0"
"997","997.0","4.0","987.0","4.0","991.0"
"21","21.0","5.0","991.0","5.0","996.0"
"67","67.0","5.0","996.0","5.0","1001.0"
"69","69.0","5.0","1001.0","5.0","1006.0"
"72","72.0","5.0","1006.0","5.0","1011.0"
"111","111.0","5.0","1011.0","5.0","1016.0"
"113","113.0","5.0","1016.0","5.0","1021.0"
"141","141.0","5.0","1021.0","5.0","1026.0"
"153","153.0","5.0","1026.0","5.0","1031.0"
"165","165.0","5.0","1031.0","5.0","1036.0"
"167","167.0","5.0","1036.0","5.0","1041.0"
"174","174.0","5.0","1041.0","5.0","1046.0"
"211","211.0","5.0","1046.0","5.0","1051.0"
"224","224.0","5.0","1051.0","5.0","1056.0"
"229","229.0","5.0","1056.0","5.0","1061.0"
"230","230.0","5.0","1061.0","5.0","1066.0"
"241","241.0","5.0","1066.0","5.0","1071.0"
"243","243.0","5.0","1071.0","5.0","1076.0"
"266","266.0","5.0","1076.0","5.0","1081.0"
"274","274.0","5.0","1081.0","5.0","1086.0"
"284","284.0","5.0","1086.0","5.0","1091.0"
"287","287.0","5.0","1091.0","5.0","1096.0"
"294","294.0","5.0","1096.0","5.0","1101.0"
"299","299.0","5.0","1101.0","5.0","1106.0"
"303","303.0","5.0","1106.0","5.0","1111.0"
"310","310.0","5.0","1111.0","5.0","1116.0"
"313","313.0","5.0","1116.0","5.0","1121.0"
"331","331.0","5.0","1121.0","5.0","1126.0"
"350","350.0","5.0","1126.0","5.0","1131.0"
"371","371.0","5.0","1131.0","5.0","1136.0"
"374","374.0","5.0","1136.0","5.0","1141.0"
"389","389.0","5.0","1141.0","5.0","1146.0"
"410","410.0","5.0","1146.0","5.0","1151.0"
"423","423.0","5.0","1151.0","5.0","1156.0"
"426","426.0","5.0","1156.0","5.0","1161.0"
"428","428.0","5.0","1161.0","5.0","1166.0"
"435","435.0","5.0","1166.0","5.0","1171.0"
"477","477.0","5.0","1171.0","5.0","1176.0"
"479","479.0","5.0","1176.0","5.0","1181.0"
"501","501.0","5.0","1181.0","5.0","1186.0"
"532","532.0","5.0","1186.0","5.0","1191.0"
"541","541.0","5.0","1191.0","5.0","1196.0"
"567","567.0","5.0","1196.0","5.0","1201.0"
"615","615.0","5.0","1201.0","5.0","1206.0"
"621","621.0","5.0","1206.0","5.0","1211.0"
"629","629.0","5.0","1211.0","5.0","1216.0"
"637","637.0","5.0","1216.0","5.0","1221.0"
"641","641.0","5.0","1221.0","5.0","1226.0"
"682","682.0","5.0","1226.0","5.0","1231.0"
"705","705.0","5.0","1231.0","5.0","1236.0"
"723","723.0","5.0","1236.0","5.0","1241.0"
"731","731.0","5.0","1241.0","5.0","1246.0"
"742","742.0","5.0","1246.0","5.0","1251.0"
"753","753.0","5.0","1251.0","5.0","1256.0"
"754","754.0","5.0","1256.0","5.0","1261.0"
"775","775.0","5.0","1261.0","5.0","1266.0"
"783","783.0","5.0","1266.0","5.0","1271.0"
"785","785.0","5.0","1271.0","5.0","1276.0"
"797","797.0","5.0","1276.0","5.0","1281.0"
"802","802.0","5.0","1281.0","5.0","1286.0"
"805","805.0","5.0","1286.0","5.0","1291.0"
"811","811.0","5.0","1291.0","5.0","1296.0"
"814","814.0","5.0","1296.0","5.0","1301.0"
"832","832.0","5.0","1301.0","5.0","1306.0"
"836","836.0","5.0","1306.0","5.0","1311.0"
"840","840.0","5.0","1311.0","5.0","1316.0"
"842","842.0","5.0","1316.0","5.0","1321.0"
"868","868.0","5.0","1321.0","5.0","1326.0"
"894","894.0","5.0","1326.0","5.0","1331.0"
"913","913.0","5.0","1331.0","5.0","1336.0"
"942","942.0","5.0","1336.0","5.0","1341.0"
"946","946.0","5.0","1341.0","5.0","1346.0"
"954","954.0","5.0","1346.0","5.0","1351.0"
"971","971.0","5.0","1351.0","5.0","1356.0"
"976","976.0","5.0","1356.0","5.0","1361.0"
"979","979.0","5.0","1361.0","5.0","1366.0"
"981","981.0","5.0","1366.0","5.0","1371.0"
"7","7.0","6.0","1371.0","6.0","1377.0"
"28","28.0","6.0","1377.0","6.0","1383.0"
"33","33.0","6.0","1383.0","6.0","1389.0"
"45","45.0","6.0","1389.0","6.0","1395.0"
"48","48.0","6.0","1395.0","6.0","1401.0"
"56","56.0","6.0","1401.0","6.0","1407.0"
"75","75.0","6.0","1407.0","6.0","1413.0"
"83","83.0","6.0","1413.0","6.0","1419.0"
"98","98.0","6.0","1419.0","6.0","1425.0"
"120","120.0","6.0","1425.0","6.0","1431.0"
"126","126.0","6.0","1431.0","6.0","1437.0"
"130","130.0","6.0","1437.0","6.0","1443.0"
"156","156.0","6.0","1443.0","6.0","1449.0"
"182","182.0","6.0","1449.0","6.0","1455.0"
"192","192.0","6.0","1455.0","6.0","1461.0"
"208","208.0","6.0","1461.0","6.0","1467.0"
"257","257.0","6.0","1467.0","6.0","1473.0"
"270","270.0","6.0","1473.0","6.0","1479.0"
"272","272.0","6.0","1479.0","6.0","1485.0"
"315","315.0","6.0","1485.0","6.0","1491.0"
"328","328.0","6.0","1491.0","6.0","1497.0"
"332","332.0","6.0","1497.0","6.0","1503.0"
"349","349.0","6.0","1503.0","6.0","1509.0"
"351","351.0","6.0","1509.0","6.0","1515.0"
"363","363.0","6.0","1515.0","6.0","1521.0"
"384","384.0","6.0","1521.0","6.0","1527.0"
"388","388.0","6.0","1527.0","6.0","1533.0"
"394","394.0","6.0","1533.0","6.0","1539.0"
"397","397.0","6.0","1539.0","6.0","1545.0"
"400","400.0","6.0","1545.0","6.0","1551.0"
"408","408.0","6.0","1551.0","6.0","1557.0"
"418","418.0","6.0","1557.0","6.0","1563.0"
"427","427.0","6.0","1563.0","6.0","1569.0"
"434","434.0","6.0","1569.0","6.0","1575.0"
"441","441.0","6.0","1575.0","6.0","1581.0"
"458","458.0","6.0","1581.0","6.0","1587.0"
"459","459.0","6.0","1587.0","6.0","1593.0"
"461","461.0","6.0","1593.0","6.0","1599.0"
"463","463.0","6.0","1599.0","6.0","1605.0"
"467","467.0","6.0","1605.0","6.0","1611.0"
"496","496.0","6.0","1611.0","6.0","1617.0"
"515","515.0","6.0","1617.0","6.0","1623.0"
"521","521.0","6.0","1623.0","6.0","1629.0"
"533","533.0","6.0","1629.0","6.0","1635.0"
"558","558.0","6.0","1635.0","6.0","1641.0"
"564","564.0","6.0","1641.0","6.0","1647.0"
"565","565.0","6.0","1647.0","6.0","1653.0"
"573","573.0","6.0","1653.0","6.0","1659.0"
"595","595.0","6.0","1659.0","6.0","1665.0"
"611","611.0","6.0","1665.0","6.0","1671.0"
"617","617.0","6.0","1671.0","6.0","1677.0"
"620","620.0","6.0","1677.0","6.0","1683.0"
"632","632.0","6.0","1683.0","6.0","1689.0"
"644","644.0","6.0","1689.0","6.0","1695.0"
"646","646.0","6.0","1695.0","6.0","1701.0"
"680","680.0","6.0","1701.0","6.0","1707.0"
"687","687.0","6.0","1707.0","6.0","1713.0"
"702","702.0","6.0","1713.0","6.0","1719.0"
"712","712.0","6.0","1719.0","6.0","1725.0"
"718","718.0","6.0","1725.0","6.0","1731.0"
"721","721.0","6.0","1731.0","6.0","1737.0"
"735","735.0","6.0","1737.0","6.0","1743.0"
"750","750.0","6.0","1743.0","6.0","1749.0"
"758","758.0","6.0","1749.0","6.0","1755.0"
"763","763.0","6.0","1755.0","6.0","1761.0"
"787","787.0","6.0","1761.0","6.0","1767.0"
"789","789.0","6.0","1767.0","6.0","1773.0"
"795","795.0","6.0","1773.0","6.0","1779.0"
"815","815.0","6.0","1779.0","6.0","1785.0"
"818","818.0","6.0","1785.0","6.0","1791.0"
"819","819.0","6.0","1791.0","6.0","1797.0"
"827","827.0","6.0","1797.0","6.0","1803.0"
"831","831.0","6.0","1803.0","6.0","1809.0"
"833","833.0","6.0","1809.0","6.0","1815.0"
"838","838.0","6.0","1815.0","6.0","1821.0"
"849","849.0","6.0","1821.0","6.0","1827.0"
"850","850.0","6.0","1827.0","6.0","1833.0"
"862","862.0","6.0","1833.0","6.0","1839.0"
"870","870.0","6.0","1839.0","6.0","1845.0"
"879","879.0","6.0","1845.0","6.0","1851.0"
"917","917.0","6.0","1851.0","6.0","1857.0"
"938","938.0","6.0","1857.0","6.0","1863.0"
"941","941.0","6.0","1863.0","6.0","1869.0"
"957","957.0","6.0","1869.0","6.0","1875.0"
"961","961.0","6.0","1875.0","6.0","1881.0"
"977","977.0","6.0","1881.0","6.0","1887.0"
"983","983.0","6.0","1887.0","6.0","1893.0"
"995","995.0","6.0","1893.0","6.0","1899.0"
"996","996.0","6.0","1899.0","6.0","1905.0"
"5","5.0","7.0","1905.0","7.0","1912.0"
"9","9.0","7.0","1912.0","7.0","1919.0"
"19","19.0","7.0","1919.0","7.0","1926.0"
"29","29.0","7.0","1926.0","7.0","1933.0"
"41","41.0","7.0","1933.0","7.0","1940.0"
"44","44.0","7.0","1940.0","7.0","1947.0"
"92","92.0","7.0","1947.0","7.0","1954.0"
"99","99.0","7.0","1954.0","7.0","1961.0"
"100","100.0","7.0","1961.0","7.0","1968.0"
"102","102.0","7.0","1968.0","7.0","1975.0"
"103","103.0","7.0","1975.0","7.0","1982.0"
"109","109.0","7.0","1982.0","7.0","1989.0"
"152","152.0","7.0","1989.0","7.0","1996.0"
"157","157.0","7.0","1996.0","7.0","2003.0"
"173","173.0","7.0","2003.0","7.0","2010.0"
"181","181.0","7.0","2010.0","7.0","2017.0"
"187","187.0","7.0","2017.0","7.0","2024.0"
"197","197.0","7.0","2024.0","7.0","2031.0"
"201","201.0","7.0","2031.0","7.0","2038.0"
"216","216.0","7.0","2038.0","7.0","2045.0"
"218","218.0","7.0","2045.0","7.0","2052.0"
"244","244.0","7.0","2052.0","7.0","2059.0"
"250","250.0","7.0","2059.0","7.0","2066.0"
"252","252.0","7.0","2066.0","7.0","2073.0"
"255","255.0","7.0","2073.0","7.0","2080.0"
"260","260.0","7.0","2080.0","7.0","2087.0"
"271","271.0","7.0","2087.0","7.0","2094.0"
"276","276.0","7.0","2094.0","7.0","2101.0"
"288","288.0","7.0","2101.0","7.0","2108.0"
"289","289.0","7.0","2108.0","7.0","2115.0"
"297","297.0","7.0","2115.0","7.0","2122.0"
"305","305.0","7.0","2122.0","7.0","2129.0"
"317","317.0","7.0","2129.0","7.0","2136.0"
"330","330.0","7.0","2136.0","7.0","2143.0"
"334","334.0","7.0","2143.0","7.0","2150.0"
"340","340.0","7.0","2150.0","7.0","2157.0"
"347","347.0","7.0","2157.0","7.0","2164.0"
"369","369.0","7.0","2164.0","7.0","2171.0"
"385","385.0","7.0","2171.0","7.0","2178.0"
"386","386.0","7.0","2178.0","7.0","2185.0"
"398","398.0","7.0","2185.0","7.0","2192.0"
"399","399.0","7.0","2192.0","7.0","2199.0"
"417","417.0","7.0","2199.0","7.0","2206.0"
"431","431.0","7.0","2206.0","7.0","2213.0"
"447","447.0","7.0","2213.0","7.0","2220.0"
"452","452.0","7.0","2220.0","7.0","2227.0"
"486","486.0","7.0","2227.0","7.0","2234.0"
"493","493.0","7.0","2234.0","7.0","2241.0"
"494","494.0","7.0","2241.0","7.0","2248.0"
"508","508.0","7.0","2248.0","7.0","2255.0"
"517","517.0","7.0","2255.0","7.0","2262.0"
"518","518.0","7.0","2262.0","7.0","2269.0"
"520","520.0","7.0","2269.0","7.0","2276.0"
"528","528.0","7.0","2276.0","7.0","2283.0"
"560","560.0","7.0","2283.0","7.0","2290.0"
"581","581.0","7.0","2290.0","7.0","2297.0"
"582","582.0","7.0","2297.0","7.0","2304.0"
"599","599.0","7.0","2304.0","7.0","2311.0"
"603","603.0","7.0","2311.0","7.0","2318.0"
"605","605.0","7.0","2318.0","7.0","2325.0"
"610","610.0","7.0","2325.0","7.0","2332.0"
"625","625.0","7.0","2332.0","7.0","2339.0"
"626","626.0","7.0","2339.0","7.0","2346.0"
"636","636.0","7.0","2346.0","7.0","2353.0"
"645","645.0","7.0","2353.0","7.0","2360.0"
"650","650.0","7.0","2360.0","7.0","2367.0"
"651","651.0","7.0","2367.0","7.0","2374.0"
"653","653.0","7.0","2374.0","7.0","2381.0"
"664","664.0","7.0","2381.0","7.0","2388.0"
"671","671.0","7.0","2388.0","7.0","2395.0"
"679","679.0","7.0","2395.0","7.0","2402.0"
"701","701.0","7.0","2402.0","7.0","2409.0"
"713","713.0","7.0","2409.0","7.0","2416.0"
"751","751.0","7.0","2416.0","7.0","2423.0"
"773","773.0","7.0","2423.0","7.0","2430.0"
"790","790.0","7.0","2430.0","7.0","2437.0"
"793","793.0","7.0","2437.0","7.0","2444.0"
"806","806.0","7.0","2444.0","7.0","2451.0"
"825","825.0","7.0","2451.0","7.0","2458.0"
"828","828.0","7.0","2458.0","7.0","2465.0"
"843","843.0","7.0","2465.0","7.0","2472.0"
"855","855.0","7.0","2472.0","7.0","2479.0"
"856","856.0","7.0","2479.0","7.0","2486.0"
"883","883.0","7.0","2486.0","7.0","2493.0"
"899","899.0","7.0","2493.0","7.0","2500.0"
"918","918.0","7.0","2500.0","7.0","2507.0"
"920","920.0","7.0","2507.0","7.0","2514.0"
"926","926.0","7.0","2514.0","7.0","2521.0"
"943","943.0","7.0","2521.0","7.0","2528.0"
"953","953.0","7.0","2528.0","7.0","2535.0"
"969","969.0","7.0","2535.0","7.0","2542.0"
"982","982.0","7.0","2542.0","7.0","2549.0"
"15","15.0","8.0","2549.0","8.0","2557.0"
"25","25.0","8.0","2557.0","8.0","2565.0"
"101","101.0","8.0","2565.0","8.0","2573.0"
"132","132.0","8.0","2573.0","8.0","2581.0"
"162","162.0","8.0","2581.0","8.0","2589.0"
"168","168.0","8.0","2589.0","8.0","2597.0"
"169","169.0","8.0","2597.0","8.0","2605.0"
"170","170.0","8.0","2605.0","8.0","2613.0"
"196","196.0","8.0","2613.0","8.0","2621.0"
"212","212.0","8.0","2621.0","8.0","2629.0"
"214","214.0","8.0","2629.0","8.0","2637.0"
"222","222.0","8.0","2637.0","8.0","2645.0"
"226","226.0","8.0","2645.0","8.0","2653.0"
"232","232.0","8.0","2653.0","8.0","2661.0"
"267","267.0","8.0","2661.0","8.0","2669.0"
"298","298.0","8.0","2669.0","8.0","2677.0"
"336","336.0","8.0","2677.0","8.0","2685.0"
"361","361.0","8.0","2685.0","8.0","2693.0"
"377","377.0","8.0","2693.0","8.0","2701.0"
"383","383.0","8.0","2701.0","8.0","2709.0"
"391","391.0","8.0","2709.0","8.0","2717.0"
"396","396.0","8.0","2717.0","8.0","2725.0"
"401","401.0","8.0","2725.0","8.0","2733.0"
"404","404.0","8.0","2733.0","8.0","2741.0"
"407","407.0","8.0","2741.0","8.0","2749.0"
"419","419.0","8.0","2749.0","8.0","2757.0"
"468","468.0","8.0","2757.0","8.0","2765.0"
"470","470.0","8.0","2765.0","8.0","2773.0"
"478","478.0","8.0","2773.0","8.0","2781.0"
"481","481.0","8.0","2781.0","8.0","2789.0"
"485","485.0","8.0","2789.0","8.0","2797.0"
"499","499.0","8.0","2797.0","8.0","2805.0"
"526","526.0","8.0","2805.0","8.0","2813.0"
"540","540.0","8.0","2813.0","8.0","2821.0"
"556","556.0","8.0","2821.0","8.0","2829.0"
"566","566.0","8.0","2829.0","8.0","2837.0"
"568","568.0","8.0","2837.0","8.0","2845.0"
"574","574.0","8.0","2845.0","8.0","2853.0"
"584","584.0","8.0","2853.0","8.0","2861.0"
"586","586.0","8.0","2861.0","8.0","2869.0"
"587","587.0","8.0","2869.0","8.0","2877.0"
"588","588.0","8.0","2877.0","8.0","2885.0"
"613","613.0","8.0","2885.0","8.0","2893.0"
"614","614.0","8.0","2893.0","8.0","2901.0"
"623","623.0","8.0","2901.0","8.0","2909.0"
"624","624.0","8.0","2909.0","8.0","2917.0"
"656","656.0","8.0","2917.0","8.0","2925.0"
"672","672.0","8.0","2925.0","8.0","2933.0"
"673","673.0","8.0","2933.0","8.0","2941.0"
"681","681.0","8.0","2941.0","8.0","2949.0"
"724","724.0","8.0","2949.0","8.0","2957.0"
"749","749.0","8.0","2957.0","8.0","2965.0"
"781","781.0","8.0","2965.0","8.0","2973.0"
"788","788.0","8.0","2973.0","8.0","2981.0"
"803","803.0","8.0","2981.0","8.0","2989.0"
"834","834.0","8.0","2989.0","8.0","2997.0"
"835","835.0","8.0","2997.0","8.0","3005.0"
"837","837.0","8.0","3005.0","8.0","3013.0"
"864","864.0","8.0","3013.0","8.0","3021.0"
"866","866.0","8.0","3021.0","8.0","3029.0"
"871","871.0","8.0","3029.0","8.0","3037.0"
"882","882.0","8.0","3037.0","8.0","3045.0"
"912","912.0","8.0","3045.0","8.0","3053.0"
"919","919.0","8.0","3053.0","8.0","3061.0"
"932","932.0","8.0","3061.0","8.0","3069.0"
"935","935.0","8.0","3069.0","8.0","3077.0"
"937","937.0","8.0","3077.0","8.0","3085.0"
"947","947.0","8.0","3085.0","8.0","3093.0"
"949","949.0","8.0","3093.0","8.0","3101.0"
"964","964.0","8.0","3101.0","8.0","3109.0"
"968","968.0","8.0","3109.0","8.0","3117.0"
"985","985.0","8.0","3117.0","8.0","3125.0"
"986","986.0","8.0","3125.0","8.0","3133.0"
"998","998.0","8.0","3133.0","8.0","3141.0"
"6","6.0","9.0","3141.0","9.0","3150.0"
"26","26.0","9.0","3150.0","9.0","3159.0"
"30","30.0","9.0","3159.0","9.0","3168.0"
"52","52.0","9.0","3168.0","9.0","3177.0"
"54","54.0","9.0","3177.0","9.0","3186.0"
"55","55.0","9.0","3186.0","9.0","3195.0"
"57","57.0","9.0","3195.0","9.0","3204.0"
"68","68.0","9.0","3204.0","9.0","3213.0"
"73","73.0","9.0","3213.0","9.0","3222.0"
"80","80.0","9.0","3222.0","9.0","3231.0"
"81","81.0","9.0","3231.0","9.0","3240.0"
"96","96.0","9.0","3240.0","9.0","3249.0"
"105","105.0","9.0","3249.0","9.0","3258.0"
"142","142.0","9.0","3258.0","9.0","3267.0"
"149","149.0","9.0","3267.0","9.0","3276.0"
"151","151.0","9.0","3276.0","9.0","3285.0"
"158","158.0","9.0","3285.0","9.0","3294.0"
"160","160.0","9.0","3294.0","9.0","3303.0"
"161","161.0","9.0","3303.0","9.0","3312.0"
"166","166.0","9.0","3312.0","9.0","3321.0"
"206","206.0","9.0","3321.0","9.0","3330.0"
"210","210.0","9.0","3330.0","9.0","3339.0"
"220","220.0","9.0","3339.0","9.0","3348.0"
"225","225.0","9.0","3348.0","9.0","3357.0"
"237","237.0","9.0","3357.0","9.0","3366.0"
"239","239.0","9.0","3366.0","9.0","3375.0"
"262","262.0","9.0","3375.0","9.0","3384.0"
"269","269.0","9.0","3384.0","9.0","3393.0"
"286","286.0","9.0","3393.0","9.0","3402.0"
"293","293.0","9.0","3402.0","9.0","3411.0"
"307","307.0","9.0","3411.0","9.0","3420.0"
"316","316.0","9.0","3420.0","9.0","3429.0"
"319","319.0","9.0","3429.0","9.0","3438.0"
"321","321.0","9.0","3438.0","9.0","3447.0"
"326","326.0","9.0","3447.0","9.0","3456.0"
"329","329.0","9.0","3456.0","9.0","3465.0"
"341","341.0","9.0","3465.0","9.0","3474.0"
"370","370.0","9.0","3474.0","9.0","3483.0"
"378","378.0","9.0","3483.0","9.0","3492.0"
"390","390.0","9.0","3492.0","9.0","3501.0"
"395","395.0","9.0","3501.0","9.0","3510.0"
"430","430.0","9.0","3510.0","9.0","3519.0"
"433","433.0","9.0","3519.0","9.0","3528.0"
"436","436.0","9.0","3528.0","9.0","3537.0"
"443","443.0","9.0","3537.0","9.0","3546.0"
"455","455.0","9.0","3546.0","9.0","3555.0"
"465","465.0","9.0","3555.0","9.0","3564.0"
"471","471.0","9.0","3564.0","9.0","3573.0"
"505","505.0","9.0","3573.0","9.0","3582.0"
"512","512.0","9.0","3582.0","9.0","3591.0"
"543","543.0","9.0","3591.0","9.0","3600.0"
"544","544.0","9.0","3600.0","9.0","3609.0"
"552","552.0","9.0","3609.0","9.0","3618.0"
"555","555.0","9.0","3618.0","9.0","3627.0"
"577","577.0","9.0","3627.0","9.0","3636.0"
"591","591.0","9.0","3636.0","9.0","3645.0"
"592","592.0","9.0","3645.0","9.0","3654.0"
"606","606.0","9.0","3654.0","9.0","3663.0"
"627","627.0","9.0","3663.0","9.0","3672.0"
"642","642.0","9.0","3672.0","9.0","3681.0"
"654","654.0","9.0","3681.0","9.0","3690.0"
"657","657.0","9.0","3690.0","9.0","3699.0"
"666","666.0","9.0","3699.0","9.0","3708.0"
"700","700.0","9.0","3708.0","9.0","3717.0"
"710","710.0","9.0","3717.0","9.0","3726.0"
"717","717.0","9.0","3726.0","9.0","3735.0"
"732","732.0","9.0","3735.0","9.0","3744.0"
"736","736.0","9.0","3744.0","9.0","3753.0"
"771","771.0","9.0","3753.0","9.0","3762.0"
"782","782.0","9.0","3762.0","9.0","3771.0"
"808","808.0","9.0","3771.0","9.0","3780.0"
"816","816.0","9.0","3780.0","9.0","3789.0"
"826","826.0","9.0","3789.0","9.0","3798.0"
"830","830.0","9.0","3798.0","9.0","3807.0"
"875","875.0","9.0","3807.0","9.0","3816.0"
"888","888.0","9.0","3816.0","9.0","3825.0"
"889","889.0","9.0","3825.0","9.0","3834.0"
"895","895.0","9.0","3834.0","9.0","3843.0"
"904","904.0","9.0","3843.0","9.0","3852.0"
"911","911.0","9.0","3852.0","9.0","3861.0"
"916","916.0","9.0","3861.0","9.0","3870.0"
"924","924.0","9.0","3870.0","9.0","3879.0"
"940","940.0","9.0","3879.0","9.0","3888.0"
"945","945.0","9.0","3888.0","9.0","3897.0"
"951","951.0","9.0","3897.0","9.0","3906.0"
"970","970.0","9.0","3906.0","9.0","3915.0"
"999","999.0","9.0","3915.0","9.0","3924.0"
"0","0.0","10.0","3924.0","10.0","3934.0"
"1","1.0","10.0","3934.0","10.0","3944.0"
"8","8.0","10.0","3944.0","10.0","3954.0"
"10","10.0","10.0","3954.0","10.0","3964.0"
"12","12.0","10.0","3964.0","10.0","3974.0"
"13","13.0","10.0","3974.0","10.0","3984.0"
"17","17.0","10.0","3984.0","10.0","3994.0"
"23","23.0","10.0","3994.0","10.0","4004.0"
"39","39.0","10.0","4004.0","10.0","4014.0"
"50","50.0","10.0","4014.0","10.0","4024.0"
"60","60.0","10.0","4024.0","10.0","4034.0"
"116","116.0","10.0","4034.0","10.0","4044.0"
"124","124.0","10.0","4044.0","10.0","4054.0"
"134","134.0","10.0","4054.0","10.0","4064.0"
"144","144.0","10.0","4064.0","10.0","4074.0"
"171","171.0","10.0","4074.0","10.0","4084.0"
"177","177.0","10.0","4084.0","10.0","4094.0"
"180","180.0","10.0","4094.0","10.0","4104.0"
"207","207.0","10.0","4104.0","10.0","4114.0"
"219","219.0","10.0","4114.0","10.0","4124.0"
"221","221.0","10.0","4124.0","10.0","4134.0"
"235","235.0","10.0","4134.0","10.0","4144.0"
"238","238.0","10.0","4144.0","10.0","4154.0"
"290","290.0","10.0","4154.0","10.0","4164.0"
"296","296.0","10.0","4164.0","10.0","4174.0"
"302","302.0","10.0","4174.0","10.0","4184.0"
"312","312.0","10.0","4184.0","10.0","4194.0"
"320","320.0","10.0","4194.0","10.0","4204.0"
"345","345.0","10.0","4204.0","10.0","4214.0"
"348","348.0","10.0","4214.0","10.0","4224.0"
"352","352.0","10.0","4224.0","10.0","4234.0"
"357","357.0","10.0","4234.0","10.0","4244.0"
"358","358.0","10.0","4244.0","10.0","4254.0"
"359","359.0","10.0","4254.0","10.0","4264.0"
"392","392.0","10.0","4264.0","10.0","4274.0"
"393","393.0","10.0","4274.0","10.0","4284.0"
"445","445.0","10.0","4284.0","10.0","4294.0"
"448","448.0","10.0","4294.0","10.0","4304.0"
"449","449.0","10.0","4304.0","10.0","4314.0"
"472","472.0","10.0","4314.0","10.0","4324.0"
"473","473.0","10.0","4324.0","10.0","4334.0"
"480","480.0","10.0","4334.0","10.0","4344.0"
"483","483.0","10.0","4344.0","10.0","4354.0"
"491","491.0","10.0","4354.0","10.0","4364.0"
"495","495.0","10.0","4364.0","10.0","4374.0"
"534","534.0","10.0","4374.0","10.0","4384.0"
"545","545.0","10.0","4384.0","10.0","4394.0"
"553","553.0","10.0","4394.0","10.0","4404.0"
"563","563.0","10.0","4404.0","10.0","4414.0"
"578","578.0","10.0","4414.0","10.0","4424.0"
"579","579.0","10.0","4424.0","10.0","4434.0"
"585","585.0","10.0","4434.0","10.0","4444.0"
"607","607.0","10.0","4444.0","10.0","4454.0"
"612","612.0","10.0","4454.0","10.0","4464.0"
"622","622.0","10.0","4464.0","10.0","4474.0"
"655","655.0","10.0","4474.0","10.0","4484.0"
"658","658.0","10.0","4484.0","10.0","4494.0"
"662","662.0","10.0","4494.0","10.0","4504.0"
"667","667.0","10.0","4504.0","10.0","4514.0"
"669","669.0","10.0","4514.0","10.0","4524.0"
"674","674.0","10.0","4524.0","10.0","4534.0"
"676","676.0","10.0","4534.0","10.0","4544.0"
"683","683.0","10.0","4544.0","10.0","4554.0"
"690","690.0","10.0","4554.0","10.0","4564.0"
"704","704.0","10.0","4564.0","10.0","4574.0"
"708","708.0","10.0","4574.0","10.0","4584.0"
"715","715.0","10.0","4584.0","10.0","4594.0"
"730","730.0","10.0","4594.0","10.0","4604.0"
"733","733.0","10.0","4604.0","10.0","4614.0"
"737","737.0","10.0","4614.0","10.0","4624.0"
"739","739.0","10.0","4624.0","10.0","4634.0"
"743","743.0","10.0","4634.0","10.0","4644.0"
"756","756.0","10.0","4644.0","10.0","4654.0"
"767","767.0","10.0","4654.0","10.0","4664.0"
"769","769.0","10.0","4664.0","10.0","4674.0"
"770","770.0","10.0","4674.0","10.0","4684.0"
"776","776.0","10.0","4684.0","10.0","4694.0"
"777","777.0","10.0","4694.0","10.0","4704.0"
"786","786.0","10.0","4704.0","10.0","4714.0"
"792","792.0","10.0","4714.0","10.0","4724.0"
"799","799.0","10.0","4724.0","10.0","4734.0"
"823","823.0","10.0","4734.0","10.0","4744.0"
"844","844.0","10.0","4744.0","10.0","4754.0"
"877","877.0","10.0","4754.0","10.0","4764.0"
"906","906.0","10.0","4764.0","10.0","4774.0"
"925","925.0","10.0","4774.0","10.0","4784.0"
"930","930.0","10.0","4784.0","10.0","4794.0"
"936","936.0","10.0","4794.0","10.0","4804.0"
"958","958.0","10.0","4804.0","10.0","4814.0"
"993","993.0","10.0","4814.0","10.0","4824.0"
"18","18.0","11.0","4824.0","11.0","4835.0"
"85","85.0","11.0","4835.0","11.0","4846.0"
"89","89.0","11.0","4846.0","11.0","4857.0"
"90","90.0","11.0","4857.0","11.0","4868.0"
"93","93.0","11.0","4868.0","11.0","4879.0"
"95","95.0","11.0","4879.0","11.0","4890.0"
"104","104.0","11.0","4890.0","11.0","4901.0"
"107","107.0","11.0","4901.0","11.0","4912.0"
"125","125.0","11.0","4912.0","11.0","4923.0"
"128","128.0","11.0","4923.0","11.0","4934.0"
"131","131.0","11.0","4934.0","11.0","4945.0"
"139","139.0","11.0","4945.0","11.0","4956.0"
"145","145.0","11.0","4956.0","11.0","4967.0"
"146","146.0","11.0","4967.0","11.0","4978.0"
"190","190.0","11.0","4978.0","11.0","4989.0"
"191","191.0","11.0","4989.0","11.0","5000.0"
"193","193.0","11.0","5000.0","11.0","5011.0"
"195","195.0","11.0","5011.0","11.0","5022.0"
"228","228.0","11.0","5022.0","11.0","5033.0"
"263","263.0","11.0","5033.0","11.0","5044.0"
"283","283.0","11.0","5044.0","11.0","5055.0"
"309","309.0","11.0","5055.0","11.0","5066.0"
"343","343.0","11.0","5066.0","11.0","5077.0"
"344","344.0","11.0","5077.0","11.0","5088.0"
"353","353.0","11.0","5088.0","11.0","5099.0"
"355","355.0","11.0","5099.0","11.0","5110.0"
"382","382.0","11.0","5110.0","11.0","5121.0"
"406","406.0","11.0","5121.0","11.0","5132.0"
"424","424.0","11.0","5132.0","11.0","5143.0"
"438","438.0","11.0","5143.0","11.0","5154.0"
"439","439.0","11.0","5154.0","11.0","5165.0"
"446","446.0","11.0","5165.0","11.0","5176.0"
"460","460.0","11.0","5176.0","11.0","5187.0"
"489","489.0","11.0","5187.0","11.0","5198.0"
"503","503.0","11.0","5198.0","11.0","5209.0"
"506","506.0","11.0","5209.0","11.0","5220.0"
"513","513.0","11.0","5220.0","11.0","5231.0"
"536","536.0","11.0","5231.0","11.0","5242.0"
"539","539.0","11.0","5242.0","11.0","5253.0"
"549","549.0","11.0","5253.0","11.0","5264.0"
"559","559.0","11.0","5264.0","11.0","5275.0"
"571","571.0","11.0","5275.0","11.0","5286.0"
"572","572.0","11.0","5286.0","11.0","5297.0"
"576","576.0","11.0","5297.0","11.0","5308.0"
"594","594.0","11.0","5308.0","11.0","5319.0"
"601","601.0","11.0","5319.0","11.0","5330.0"
"616","616.0","11.0","5330.0","11.0","5341.0"
"618","618.0","11.0","5341.0","11.0","5352.0"
"628","628.0","11.0","5352.0","11.0","5363.0"
"660","660.0","11.0","5363.0","11.0","5374.0"
"678","678.0","11.0","5374.0","11.0","5385.0"
"707","707.0","11.0","5385.0","11.0","5396.0"
"709","709.0","11.0","5396.0","11.0","5407.0"
"711","711.0","11.0","5407.0","11.0","5418.0"
"722","722.0","11.0","5418.0","11.0","5429.0"
"726","726.0","11.0","5429.0","11.0","5440.0"
"734","734.0","11.0","5440.0","11.0","5451.0"
"746","746.0","11.0","5451.0","11.0","5462.0"
"760","760.0","11.0","5462.0","11.0","5473.0"
"774","774.0","11.0","5473.0","11.0","5484.0"
"780","780.0","11.0","5484.0","11.0","5495.0"
"810","810.0","11.0","5495.0","11.0","5506.0"
"821","821.0","11.0","5506.0","11.0","5517.0"
"839","839.0","11.0","5517.0","11.0","5528.0"
"841","841.0","11.0","5528.0","11.0","5539.0"
"846","846.0","11.0","5539.0","11.0","5550.0"
"857","857.0","11.0","5550.0","11.0","5561.0"
"858","858.0","11.0","5561.0","11.0","5572.0"
"861","861.0","11.0","5572.0","11.0","5583.0"
"867","867.0","11.0","5583.0","11.0","5594.0"
"873","873.0","11.0","5594.0","11.0","5605.0"
"876","876.0","11.0","5605.0","11.0","5616.0"
"878","878.0","11.0","5616.0","11.0","5627.0"
"887","887.0","11.0","5627.0","11.0","5638.0"
"896","896.0","11.0","5638.0","11.0","5649.0"
"897","897.0","11.0","5649.0","11.0","5660.0"
"902","902.0","11.0","5660.0","11.0","5671.0"
"927","927.0","11.0","5671.0","11.0","5682.0"
"948","948.0","11.0","5682.0","11.0","5693.0"
"952","952.0","11.0","5693.0","11.0","5704.0"
"956","956.0","11.0","5704.0","11.0","5715.0"
"960","960.0","11.0","5715.0","11.0","5726.0"
"963","963.0","11.0","5726.0","11.0","5737.0"
"975","975.0","11.0","5737.0","11.0","5748.0"
"991","991.0","11.0","5748.0","11.0","5759.0"
"32","32.0","12.0","5759.0","12.0","5771.0"
"42","42.0","12.0","5771.0","12.0","5783.0"
"61","61.0","12.0","5783.0","12.0","5795.0"
"64","64.0","12.0","5795.0","12.0","5807.0"
"65","65.0","12.0","5807.0","12.0","5819.0"
"71","71.0","12.0","5819.0","12.0","5831.0"
"175","175.0","12.0","5831.0","12.0","5843.0"
"236","236.0","12.0","5843.0","12.0","5855.0"
"327","327.0","12.0","5855.0","12.0","5867.0"
"333","333.0","12.0","5867.0","12.0","5879.0"
"402","402.0","12.0","5879.0","12.0","5891.0"
"420","420.0","12.0","5891.0","12.0","5903.0"
"422","422.0","12.0","5903.0","12.0","5915.0"
"523","523.0","12.0","5915.0","12.0","5927.0"
"548","548.0","12.0","5927.0","12.0","5939.0"
"562","562.0","12.0","5939.0","12.0","5951.0"
"569","569.0","12.0","5951.0","12.0","5963.0"
"634","634.0","12.0","5963.0","12.0","5975.0"
"684","684.0","12.0","5975.0","12.0","5987.0"
"688","688.0","12.0","5987.0","12.0","5999.0"
"695","695.0","12.0","5999.0","12.0","6011.0"
"698","698.0","12.0","6011.0","12.0","6023.0"
"719","719.0","12.0","6023.0","12.0","6035.0"
"752","752.0","12.0","6035.0","12.0","6047.0"
"765","765.0","12.0","6047.0","12.0","6059.0"
"804","804.0","12.0","6059.0","12.0","6071.0"
"854","854.0","12.0","6071.0","12.0","6083.0"
"869","869.0","12.0","6083.0","12.0","6095.0"
"893","893.0","12.0","6095.0","12.0","6107.0"
"923","923.0","12.0","6107.0","12.0","6119.0"
"929","929.0","12.0","6119.0","12.0","6131.0"
"934","934.0","12.0","6131.0","12.0","6143.0"
"939","939.0","12.0","6143.0","12.0","6155.0"
"974","974.0","12.0","6155.0","12.0","6167.0"
"988","988.0","12.0","6167.0","12.0","6179.0"
"994","994.0","12.0","6179.0","12.0","6191.0"
"aveW","aveT","aveB","totalB","totalT"
"1078.715","1081.8105","3.0955","6191.0","0.0"
